{
    "wall": "others",
    "chair": "chair",
    "books": "others",
    "floor": "others",
    "door": "door",
    "object": "others",
    "window": "window",
    "table": "table",
    "trash can": "others",
    "pillow": "others",
    "picture": "picture",
    "ceiling": "others",
    "box": "others",
    "doorframe": "door",
    "monitor": "others",
    "cabinet": "cabinet",
    "desk": "desk",
    "shelf": "others",
    "office chair": "chair",
    "towel": "others",
    "couch": "sofa",
    "sink": "sink",
    "backpack": "others",
    "lamp": "others",
    "bed": "bed",
    "bookshelf": "bookshelf",
    "mirror": "others",
    "curtain": "curtain",
    "plant": "others",
    "whiteboard": "others",
    "radiator": "others",
    "book": "others",
    "kitchen cabinet": "cabinet",
    "toilet paper": "others",
    "kitchen cabinets": "cabinet",
    "armchair": "chair",
    "shoes": "others",
    "coffee table": "table",
    "toilet": "toilet",
    "bag": "others",
    "clothes": "others",
    "keyboard": "others",
    "bottle": "others",
    "recycling bin": "others",
    "nightstand": "others",
    "stool": "others",
    "tv": "others",
    "file cabinet": "cabinet",
    "dresser": "others",
    "computer tower": "others",
    "clothing": "others",
    "telephone": "others",
    "cup": "others",
    "refrigerator": "refrigerator",
    "end table": "table",
    "jacket": "others",
    "shower curtain": "shower curtain",
    "bathtub": "bathtub",
    "microwave": "others",
    "kitchen counter": "counter",
    "sofa chair": "chair",
    "paper towel dispenser": "others",
    "bathroom vanity": "cabinet",
    "suitcase": "others",
    "laptop": "others",
    "ottoman": "others",
    "shower walls": "others",
    "printer": "others",
    "counter": "counter",
    "board": "others",
    "soap dispenser": "others",
    "stove": "others",
    "light": "others",
    "closet wall": "others",
    "mini fridge": "refrigerator",
    "cabinets": "cabinet",
    "doors": "door",
    "fan": "others",
    "tissue box": "others",
    "blanket": "others",
    "bathroom stall": "others",
    "copier": "others",
    "bench": "others",
    "bar": "others",
    "soap dish": "others",
    "laundry hamper": "others",
    "storage bin": "others",
    "bathroom stall door": "door",
    "light switch": "others",
    "coffee maker": "others",
    "tv stand": "others",
    "decoration": "others",
    "ceiling light": "others",
    "range hood": "others",
    "blackboard": "others",
    "clock": "others",
    "wardrobe closet": "others",
    "rail": "others",
    "bulletin board": "others",
    "mat": "others",
    "trash bin": "others",
    "ledge": "others",
    "seat": "others",
    "mouse": "others",
    "basket": "others",
    "shower": "others",
    "dumbbell": "others",
    "paper": "others",
    "person": "others",
    "windowsill": "others",
    "closet": "others",
    "bucket": "others",
    "sign": "others",
    "speaker": "others",
    "dishwasher": "others",
    "container": "others",
    "stair rail": "others",
    "shower curtain rod": "others",
    "tube": "others",
    "bathroom cabinet": "cabinet",
    "papers": "others",
    "storage container": "others",
    "paper bag": "others",
    "paper towel roll": "others",
    "ball": "others",
    "closet doors": "door",
    "laundry basket": "others",
    "cart": "others",
    "closet door": "door",
    "dish rack": "others",
    "stairs": "others",
    "blinds": "others",
    "stack of chairs": "chair",
    "purse": "others",
    "bicycle": "others",
    "tray": "others",
    "plunger": "others",
    "paper cutter": "others",
    "toilet paper dispenser": "others",
    "boxes": "others",
    "bin": "others",
    "toilet seat cover dispenser": "others",
    "guitar": "others",
    "mailboxes": "others",
    "handicap bar": "others",
    "fire extinguisher": "others",
    "ladder": "others",
    "column": "others",
    "pipe": "others",
    "vacuum cleaner": "others",
    "plate": "others",
    "piano": "others",
    "water cooler": "others",
    "cd case": "others",
    "bowl": "others",
    "closet rod": "others",
    "bathroom counter": "counter",
    "oven": "others",
    "stand": "others",
    "scale": "others",
    "washing machine": "others",
    "broom": "others",
    "hat": "others",
    "shower wall": "others",
    "guitar case": "others",
    "rack": "others",
    "water pitcher": "others",
    "laundry detergent": "others",
    "hair dryer": "others",
    "pillar": "others",
    "divider": "others",
    "power outlet": "others",
    "dining table": "table",
    "shower floor": "others",
    "washing machines": "others",
    "shower door": "door",
    "coffee kettle": "others",
    "wardrobe cabinet": "others",
    "structure": "others",
    "bookshelves": "bookshelf",
    "clothes dryer": "others",
    "toaster": "others",
    "shoe": "others",
    "ironing board": "others",
    "alarm clock": "others",
    "shower head": "others",
    "lamp base": "others",
    "water bottle": "others",
    "keyboard piano": "others",
    "projector screen": "others",
    "case of water bottles": "others",
    "toaster oven": "others",
    "music stand": "others",
    "staircase": "others",
    "coat rack": "others",
    "storage organizer": "others",
    "machine": "others",
    "folded chair": "chair",
    "fire alarm": "others",
    "fireplace": "others",
    "vent": "others",
    "furniture": "others",
    "power strip": "others",
    "calendar": "others",
    "poster": "picture",
    "toilet paper holder": "others",
    "potted plant": "others",
    "stuffed animal": "others",
    "luggage": "others",
    "curtains": "curtain",
    "headphones": "others",
    "crate": "others",
    "candle": "others",
    "projector": "others",
    "clothes dryers": "others",
    "mattress": "bed",
    "dustpan": "others",
    "drawer": "others",
    "rod": "others",
    "globe": "others",
    "footrest": "others",
    "piano bench": "others",
    "breakfast bar": "others",
    "step stool": "others",
    "hand rail": "others",
    "vending machine": "others",
    "ceiling fan": "others",
    "swiffer": "others",
    "foosball table": "others",
    "jar": "others",
    "footstool": "others",
    "folded table": "table",
    "round table": "table",
    "hamper": "others",
    "poster tube": "others",
    "case": "others",
    "carpet": "others",
    "thermostat": "others",
    "coat": "others",
    "water fountain": "others",
    "smoke detector": "others",
    "pillows": "others",
    "flip flops": "others",
    "cloth": "others",
    "banner": "others",
    "clothes hanger": "others",
    "whiteboard eraser": "others",
    "iron": "others",
    "instrument case": "others",
    "toilet paper rolls": "others",
    "soap": "others",
    "block": "others",
    "wall hanging": "others",
    "kitchen island": "others",
    "pipes": "others",
    "toothbrush": "others",
    "shirt": "others",
    "cutting board": "others",
    "vase": "others",
    "shower control valve": "others",
    "exercise machine": "others",
    "compost bin": "others",
    "shorts": "others",
    "tire": "others",
    "teddy bear": "others",
    "bathrobe": "others",
    "handrail": "others",
    "faucet": "others",
    "pantry wall": "others",
    "thermos": "others",
    "rug": "others",
    "couch cushions": "others",
    "tripod": "others",
    "mailbox": "others",
    "tupperware": "others",
    "shoe rack": "others",
    "towels": "others",
    "beer bottles": "others",
    "treadmill": "others",
    "salt": "others",
    "chest": "others",
    "dispenser": "others",
    "mirror doors": "door",
    "remote": "others",
    "folded ladder": "others",
    "cushion": "others",
    "carton": "others",
    "step": "others",
    "drying rack": "others",
    "slippers": "others",
    "pool table": "others",
    "soda stream": "others",
    "toilet brush": "others",
    "loft bed": "bed",
    "cooking pot": "others",
    "heater": "others",
    "messenger bag": "others",
    "stapler": "others",
    "closet walls": "others",
    "scanner": "others",
    "elliptical machine": "others",
    "kettle": "others",
    "metronome": "others",
    "dumbell": "others",
    "music book": "others",
    "rice cooker": "others",
    "dart board": "others",
    "sewing machine": "others",
    "grab bar": "others",
    "flowerpot": "others",
    "painting": "picture",
    "railing": "others",
    "stair": "others",
    "toolbox": "others",
    "nerf gun": "others",
    "binders": "others",
    "desk lamp": "others",
    "quadcopter": "others",
    "pitcher": "others",
    "hanging": "others",
    "mail": "others",
    "closet ceiling": "others",
    "hoverboard": "others",
    "beanbag chair": "others",
    "water heater": "others",
    "spray bottle": "others",
    "rope": "others",
    "plastic container": "others",
    "soap bottle": "others",
    "ikea bag": "others",
    "sleeping bag": "others",
    "duffel bag": "others",
    "frying pan": "others",
    "oven mitt": "others",
    "pot": "others",
    "hand dryer": "others",
    "dollhouse": "others",
    "shampoo bottle": "others",
    "hair brush": "others",
    "tennis racket": "others",
    "display case": "others",
    "ping pong table": "others",
    "boiler": "others",
    "bag of coffee beans": "others",
    "bananas": "others",
    "carseat": "others",
    "helmet": "others",
    "umbrella": "others",
    "coffee box": "others",
    "envelope": "others",
    "wet floor sign": "others",
    "clothing rack": "others",
    "controller": "others",
    "bath walls": "others",
    "podium": "others",
    "storage box": "others",
    "dolly": "others",
    "shampoo": "others",
    "paper tray": "others",
    "cabinet door": "door",
    "changing station": "others",
    "poster printer": "others",
    "screen": "others",
    "soap bar": "others",
    "crutches": "others",
    "studio light": "others",
    "stack of cups": "others",
    "toilet flush button": "others",
    "trunk": "others",
    "grocery bag": "others",
    "plastic bin": "others",
    "pizza box": "others",
    "cabinet doors": "cabinet",
    "legs": "others",
    "car": "others",
    "shaving cream": "others",
    "luggage stand": "others",
    "shredder": "others",
    "statue": "others",
    "urinal": "toilet",
    "hose": "others",
    "bike pump": "others",
    "coatrack": "others",
    "bear": "others",
    "wall lamp": "others",
    "humidifier": "others",
    "toothpaste": "others",
    "mouthwash bottle": "others",
    "poster cutter": "others",
    "golf bag": "others",
    "food container": "others",
    "camera": "others",
    "table lamp": "others",
    "yoga mat": "others",
    "card": "others",
    "mug": "others",
    "shower doors": "others",
    "cardboard": "others",
    "rack stand": "others",
    "boxes of paper": "others",
    "flag": "others",
    "futon": "others",
    "magazine": "others",
    "exit sign": "others",
    "rolled poster": "others",
    "wheel": "others",
    "pictures": "picture",
    "blackboard eraser": "others",
    "organizer": "others",
    "doll": "others",
    "book rack": "others",
    "laundry bag": "others",
    "sponge": "others",
    "seating": "others",
    "folded chairs": "chair",
    "lotion bottle": "others",
    "can": "others",
    "lunch box": "others",
    "food display": "others",
    "storage shelf": "others",
    "sliding wood door": "others",
    "pants": "others",
    "wood": "others",
    "boards": "others",
    "bottles": "others",
    "washcloth": "others",
    "workbench": "others",
    "open kitchen cabinet": "cabinet",
    "organizer shelf": "others",
    "frame": "others",
    "cups": "others",
    "exercise ball": "others",
    "easel": "others",
    "garbage bag": "others",
    "roomba": "others",
    "garage door": "others",
    "luggage rack": "others",
    "bike lock": "others",
    "briefcase": "others",
    "hand towel": "others",
    "bath products": "others",
    "star": "others",
    "map": "others",
    "coffee bean bag": "others",
    "headboard": "others",
    "ipad": "others",
    "display rack": "others",
    "traffic cone": "others",
    "toiletry": "others",
    "canopy": "others",
    "massage chair": "chair",
    "paper organizer": "others",
    "barricade": "others",
    "platform": "others",
    "cap": "others",
    "dumbbell plates": "others",
    "elevator": "others",
    "cooking pan": "others",
    "trash bag": "others",
    "santa": "others",
    "jewelry box": "others",
    "boat": "others",
    "sock": "others",
    "kinect": "others",
    "crib": "others",
    "plastic storage bin": "others",
    "cooler": "refrigerator",
    "kitchen apron": "others",
    "dishwashing soap bottle": "others",
    "xbox controller": "others",
    "banana holder": "others",
    "ping pong paddle": "others",
    "airplane": "others",
    "conditioner bottle": "others",
    "tea kettle": "others",
    "bedframe": "others",
    "wood beam": "others",
    "toilet paper package": "others",
    "wall mounted coat rack": "others",
    "film light": "others",
    "ceiling lamp": "others",
    "chain": "others",
    "sofa": "sofa",
    "closet wardrobe": "others",
    "sweater": "others",
    "kitchen mixer": "others",
    "wardrobe": "others",
    "water softener": "others",
    "banister": "others",
    "trolley": "others",
    "pantry shelf": "others",
    "sofa bed": "bed",
    "loofa": "others",
    "shower faucet handle": "others",
    "toy piano": "others",
    "fish": "others",
    "file cabinets": "cabinet",
    "cat litter box": "others",
    "electric panel": "others",
    "suitcases": "others",
    "curtain rod": "others",
    "bunk bed": "others",
    "chandelier": "others",
    "tape": "others",
    "plates": "others",
    "alarm": "others",
    "fire hose": "others",
    "toy dinosaur": "others",
    "cone": "others",
    "glass doors": "door",
    "hatrack": "others",
    "subwoofer": "others",
    "fire sprinkler": "others",
    "trash cabinet": "cabinet",
    "pantry walls": "others",
    "photo": "others",
    "barrier": "others",
    "stacks of cups": "others",
    "beachball": "others",
    "folded boxes": "others",
    "contact lens solution bottle": "others",
    "covered box": "others",
    "folder": "others",
    "mail trays": "others",
    "slipper": "others",
    "magazine rack": "others",
    "sticker": "others",
    "lotion": "others",
    "buddha": "others",
    "file organizer": "others",
    "paper towel rolls": "others",
    "night lamp": "others",
    "fuse box": "others",
    "knife block": "others",
    "furnace": "others",
    "cd cases": "others",
    "stools": "others",
    "hand sanitzer dispenser": "others",
    "teapot": "others",
    "pen holder": "others",
    "tray rack": "others",
    "wig": "others",
    "switch": "others",
    "plastic containers": "others",
    "night light": "others",
    "notepad": "others",
    "mail bin": "others",
    "elevator button": "others",
    "gaming wheel": "others",
    "drum set": "others",
    "cosmetic bag": "others",
    "coffee mug": "others",
    "closet shelf": "others",
    "baby mobile": "others",
    "diaper bin": "others",
    "door wall": "others",
    "stepstool": "others",
    "paper shredder": "others",
    "dress rack": "others",
    "cover": "others",
    "shopping bag": "others",
    "sliding door": "door",
    "exercise bike": "others",
    "recliner chair": "chair",
    "kitchenaid mixer": "others",
    "soda can": "others",
    "stovetop": "others",
    "stepladder": "others",
    "tap": "others",
    "cable": "others",
    "baby changing station": "others",
    "costume": "others",
    "rocking chair": "chair",
    "binder": "others",
    "media center": "cabinet",
    "towel rack": "others",
    "medal": "others",
    "stack of folded chairs": "chair",
    "telescope": "others",
    "closet doorframe": "door",
    "glass": "others",
    "baseball cap": "others",
    "battery disposal jar": "others",
    "mop": "others",
    "tank": "others",
    "mail tray": "others",
    "centerpiece": "others",
    "stick": "others",
    "closet floor": "others",
    "dryer sheets": "others",
    "bycicle": "others",
    "flower stand": "others",
    "air mattress": "bed",
    "clip": "others",
    "side table": "table",
    "pizza boxes": "others",
    "display": "others",
    "postcard": "others",
    "display sign": "others",
    "paper towel": "others",
    "boots": "others",
    "tennis racket bag": "others",
    "air hockey table": "table",
    "socks": "others",
    "food bag": "others",
    "clothes hangers": "others",
    "starbucks cup": "others"
}